cohort,slide,patient_id,label
TCGA,TCGA-2H-A9GO-01A-01-TS1.385D04F1-0E70-4145-A482-D54F6BC70976,TCGA-2H-A9GO,3
TCGA,TCGA-2H-A9GO-01Z-00-DX1.A3AEE5BB-3825-49B4-8F7B-B2CB9015515A,TCGA-2H-A9GO,3
TCGA,TCGA-B7-A5TJ-01A-01-TSA.240E90B5-5092-4C57-9B22-AD9F9BBDF727,TCGA-B7-A5TJ,3
TCGA,TCGA-BR-4191-01A-01-BS1.2048d47d-674e-4c02-9c19-7c241eda4404,TCGA-BR-4191,3
TCGA,TCGA-BR-4191-01A-02-BS2.94956a01-6e49-4669-9b0a-15b0db56957f,TCGA-BR-4191,3
TCGA,TCGA-BR-4191-01Z-00-DX1.6f25e7af-44be-41bc-85c4-22729d6ec585,TCGA-BR-4191,3
TCGA,TCGA-BR-6455-01A-01-BS1.992e710f-18a5-440e-b6b1-3e4e10b2080f,TCGA-BR-6455,0
TCGA,TCGA-BR-6455-01A-01-TS1.5090ae20-085f-47de-8fbe-64efe27e6db3,TCGA-BR-6455,0
TCGA,TCGA-BR-6455-01Z-00-DX1.402682fe-98b4-4381-85da-98510db17af9,TCGA-BR-6455,0
TCGA,TCGA-BR-6802-01A-01-BS1.90290772-c0e3-4854-ac21-3bba8fd1018c,TCGA-BR-6802,2
TCGA,TCGA-BR-6802-01A-01-TS1.2dd15617-7d00-4c31-a4a2-dea2553474be,TCGA-BR-6802,2
TCGA,TCGA-BR-6802-01Z-00-DX1.e171554c-05b5-4622-beb7-0abee31f5109,TCGA-BR-6802,2
TCGA,TCGA-BR-7901-01A-01-BS1.6cae982c-c32f-414f-9c62-5139e6df9bdc,TCGA-BR-7901,3
TCGA,TCGA-BR-7901-01A-01-TS1.b2e71628-c708-4729-a4b3-0721f3c3410f,TCGA-BR-7901,3
TCGA,TCGA-BR-7901-01Z-00-DX1.5c4f8dec-3428-4019-a9fb-00f07f9418e6,TCGA-BR-7901,3
TCGA,TCGA-BR-8081-01Z-00-DX1.c6c1ef86-9aad-463e-a64a-f1a2dbe465dc,TCGA-BR-8081,2
TCGA,TCGA-BR-8289-01Z-00-DX1.3fd11755-cb87-40fe-92e2-0ccc55aefa0d,TCGA-BR-8289,3
TCGA,TCGA-BR-8485-01A-01-TS1.108a155c-2251-4c07-bce3-1c7d791b7d66,TCGA-BR-8485,3
TCGA,TCGA-BR-8485-01Z-00-DX1.863bea72-3bd3-4f07-bbc9-e00d17ae39f7,TCGA-BR-8485,3
TCGA,TCGA-BR-8677-01A-01-TS1.0c13a7c9-5763-434e-8360-a5f04501d419,TCGA-BR-8677,3
TCGA,TCGA-BR-8677-01Z-00-DX1.7b2468f0-636f-4447-ae26-05cacf24e9c4,TCGA-BR-8677,3
TCGA,TCGA-BR-A4CR-01A-01-TSA.36A47474-F739-4C4D-A01F-BA1327F065A6,TCGA-BR-A4CR,3
TCGA,TCGA-BR-A4CR-01Z-00-DX1.9DC43CFC-D1DC-4851-A1C1-CE8E3A24B8A4,TCGA-BR-A4CR,3
TCGA,TCGA-BR-A4J5-01A-02-TSB.736F3608-456D-4115-A144-682275585EBA,TCGA-BR-A4J5,1
TCGA,TCGA-BR-A4J5-01Z-00-DX1.C7D0D294-0280-415A-A8BB-ACB3177E5A0D,TCGA-BR-A4J5,1
TCGA,TCGA-BR-A4PD-01A-01-TSA.CBD803CA-1E0D-4351-A4BE-755F97EE83B3,TCGA-BR-A4PD,3
TCGA,TCGA-BR-A4PD-01Z-00-DX1.F89DB0AC-DED8-4941-80A8-0C7975571C3C,TCGA-BR-A4PD,3
TCGA,TCGA-BR-A4PE-01A-03-TSC.35369074-D1A7-4CF4-882F-C906EC5BB9A3,TCGA-BR-A4PE,3
TCGA,TCGA-BR-A4PE-01Z-00-DX1.9C427636-8A7E-4D4E-9773-5C5D9D0C617C,TCGA-BR-A4PE,3
TCGA,TCGA-BR-A4PF-01A-01-TSA.6E316DA3-7333-458B-A412-16FAF2B1D1EB,TCGA-BR-A4PF,3
TCGA,TCGA-BR-A4PF-01Z-00-DX1.43DBDE88-34C4-494B-9B47-473ED525149F,TCGA-BR-A4PF,3
TCGA,TCGA-CD-5799-01A-01-TS1.b96981ff-45fe-4be9-bf72-9a6a7aa58ff7,TCGA-CD-5799,3
TCGA,TCGA-CD-5799-01Z-00-DX1.ce4c1cea-febc-4274-af53-e7853dcf8864,TCGA-CD-5799,3
TCGA,TCGA-CD-5804-01A-01-BS1.1090f168-bef5-49f5-9623-eef5b6e7adcd,TCGA-CD-5804,3
TCGA,TCGA-CD-5804-01A-01-TS1.e6ac0b20-d812-4fa3-95cb-f2040075bcca,TCGA-CD-5804,3
TCGA,TCGA-CD-5804-01Z-00-DX1.c5c22749-71dc-4812-84ba-2ef6f5a1463d,TCGA-CD-5804,3
TCGA,TCGA-CD-8535-01A-01-BS1.b757982b-1aab-428d-ac83-7f02f4803a0a,TCGA-CD-8535,3
TCGA,TCGA-CD-8535-01A-01-TS1.73f0ba63-020a-4047-9ec1-d684219628a5,TCGA-CD-8535,3
TCGA,TCGA-CD-8535-01Z-00-DX1.ADD3D8B1-FECB-46C1-940B-7D261723D850,TCGA-CD-8535,3
TCGA,TCGA-CD-A489-01A-01-TSA.24AD5706-52B8-4A69-8044-774C3B842DC0,TCGA-CD-A489,3
TCGA,TCGA-CD-A489-01Z-00-DX1.AB03DA27-6A86-41C7-9305-E5400E6C47AC,TCGA-CD-A489,3
TCGA,TCGA-CG-4436-01A-01-BS1.33cee795-4dab-4e6c-a68b-607de717d712,TCGA-CG-4436,3
TCGA,TCGA-CG-4436-01A-01-TS1.c67da79b-2db4-421a-aa26-12a2e33abbda,TCGA-CG-4436,3
TCGA,TCGA-CG-4436-01Z-00-DX1.55b155a9-066b-42cc-b834-b11c68256852,TCGA-CG-4436,3
TCGA,TCGA-CG-4443-01A-01-BS1.8c7a18fd-3861-43ad-ad27-a09cdd8d9a4e,TCGA-CG-4443,3
TCGA,TCGA-CG-4443-01A-01-TS1.5d585f90-be5d-48eb-bbc8-ee9be5702ec9,TCGA-CG-4443,3
TCGA,TCGA-CG-4443-01Z-00-DX1.484defba-273b-4683-9c32-883f3da8ba5f,TCGA-CG-4443,3
TCGA,TCGA-CG-5718-01A-01-BS1.0d6beb19-5d43-4def-92d1-b98838579bdb,TCGA-CG-5718,3
TCGA,TCGA-CG-5718-01A-01-TS1.f4a813d6-e5cc-475b-a0eb-45cfcd1c0730,TCGA-CG-5718,3
TCGA,TCGA-CG-5718-01Z-00-DX1.4BA9B20E-9555-4993-9B55-9E5A9C5C3905,TCGA-CG-5718,3
TCGA,TCGA-CG-5719-01A-01-BS1.90fb1653-eb04-47db-866e-5f401c2abc49,TCGA-CG-5719,3
TCGA,TCGA-CG-5719-01A-01-TS1.305110b6-ab05-4bbd-90a6-f2f98e942352,TCGA-CG-5719,3
TCGA,TCGA-CG-5719-01Z-00-DX1.8E669F41-406C-4AB4-8B73-A079D6690537,TCGA-CG-5719,3
TCGA,TCGA-CG-5724-01A-01-BS1.6ef5ad33-b0b9-4bac-abc8-ba9b28702622,TCGA-CG-5724,3
TCGA,TCGA-CG-5724-01A-01-TS1.c737edfd-6dad-4f3d-a0b8-295039be1244,TCGA-CG-5724,3
TCGA,TCGA-CG-5724-01Z-00-DX1.89B75EBF-BF6E-418F-8FA7-F564055EE6DA,TCGA-CG-5724,3
TCGA,TCGA-D7-8574-01A-01-TS1.bae03428-1741-49a2-bd10-df4b9e7b3a26,TCGA-D7-8574,1
TCGA,TCGA-D7-8574-01Z-00-DX1.72155AB8-7B77-46D1-85B0-EACABCD25EF2,TCGA-D7-8574,1
TCGA,TCGA-D7-8574-01Z-00-DX2.0824C6C7-B086-4D9B-94B4-FC1A49805700,TCGA-D7-8574,1
TCGA,TCGA-D7-A6EZ-01Z-00-DX1.BF91B810-86FD-4675-85A0-15DC9CF2195F,TCGA-D7-A6EZ,0
TCGA,TCGA-D7-A6F2-01A-01-TS1.F1FF8F18-35C3-48D4-9C6E-D74A73A14F88,TCGA-D7-A6F2,3
TCGA,TCGA-D7-A6F2-01Z-00-DX1.31D8B3CD-7F63-474F-9B1B-E884C4CA9C61,TCGA-D7-A6F2,3
TCGA,TCGA-D7-A74A-01A-01-TSA.E8514CAD-4A33-460F-BD5F-E1761029828A,TCGA-D7-A74A,3
TCGA,TCGA-D7-A74A-01Z-00-DX1.ED9A8AA2-7D69-462C-8544-587783F15DB5,TCGA-D7-A74A,3
TCGA,TCGA-HU-8249-01A-01-TS1.01666f42-6304-49ba-b99e-28bb5420b012,TCGA-HU-8249,3
TCGA,TCGA-HU-8249-01Z-00-DX1.6579F0D5-6A05-49A3-9B30-68059599EADE,TCGA-HU-8249,3
TCGA,TCGA-HU-8604-01A-01-TS1.9eb9f717-8a3e-449f-a67a-cd73b481e10b,TCGA-HU-8604,3
TCGA,TCGA-HU-8604-01Z-00-DX1.F358D894-D9C4-49BF-8B9F-F80DA11BBC5A,TCGA-HU-8604,3
TCGA,TCGA-HU-A4G6-01A-01-TS1.4E209122-419D-488C-83F8-E594D27A4024,TCGA-HU-A4G6,0
TCGA,TCGA-HU-A4G6-01Z-00-DX1.83F4504C-B632-4B15-9978-A007C2118563,TCGA-HU-A4G6,0
TCGA,TCGA-HU-A4G9-01A-01-TS1.54C0B5D7-F564-481A-88AF-E6ED1EE11267,TCGA-HU-A4G9,2
TCGA,TCGA-HU-A4G9-01Z-00-DX1.806F4C5A-D2F8-4457-B6F9-99B67105C676,TCGA-HU-A4G9,2
TCGA,TCGA-HU-A4GN-01A-01-TS1.4FEFED8E-585C-40FE-9D6B-90EBB95B685C,TCGA-HU-A4GN,2
TCGA,TCGA-HU-A4GN-01Z-00-DX1.32C8DEA0-3B31-42D7-B3FA-D86DF06F7BC3,TCGA-HU-A4GN,2
TCGA,TCGA-HU-A4GQ-01A-01-TSA.274545D5-D77F-40D0-9149-3F81D6D395CE,TCGA-HU-A4GQ,2
TCGA,TCGA-HU-A4GQ-01Z-00-DX1.699A0E57-FE02-4329-9826-3EFC2DECD408,TCGA-HU-A4GQ,2
TCGA,TCGA-HU-A4GX-01A-01-TS1.8C85A0F7-B23F-4BF5-9148-6287DB4F6B3C,TCGA-HU-A4GX,2
TCGA,TCGA-HU-A4GX-01Z-00-DX1.0F1A15D3-2C6A-4F16-8D9D-CF44179AB161,TCGA-HU-A4GX,2
TCGA,TCGA-HU-A4H2-01A-01-TS1.3CE19F02-D8F5-4C91-8000-D17772DEABEF,TCGA-HU-A4H2,3
TCGA,TCGA-HU-A4H3-01A-02-TS2.BF61DFEF-E08F-4DC1-B807-02D853CCE143,TCGA-HU-A4H3,2
TCGA,TCGA-HU-A4H5-01A-02-TS2.0B07F80F-2B7C-447A-BCF9-2E6E9C2C06D2,TCGA-HU-A4H5,3
TCGA,TCGA-HU-A4H5-01Z-00-DX1.3A56E0D3-7813-4708-9A69-37D141533C2A,TCGA-HU-A4H5,3
TCGA,TCGA-HU-A4H8-01Z-00-DX1.8FEBBDCF-4E6A-4D90-8DEA-5E1D031DD50A,TCGA-HU-A4H8,2
TCGA,TCGA-IN-8663-01A-01-BS1.b4492a0a-dd18-4fa8-9d6b-b5301678b25a,TCGA-IN-8663,3
TCGA,TCGA-IN-8663-01Z-00-DX1.39719DC6-1441-4E0F-BB5E-656CCDAC13D5,TCGA-IN-8663,3
TCGA,TCGA-KB-A6F7-01A-01-TS1.FF3CF754-05C1-4FE3-962B-C265FB9C5E6B,TCGA-KB-A6F7,3
TCGA,TCGA-KB-A6F7-01Z-00-DX1.9F7267C3-B50D-4366-9050-DE8E0EB708EA,TCGA-KB-A6F7,3
TCGA,TCGA-R5-A7ZI-01Z-00-DX1.3A4A56F1-1CFD-441D-85F3-52DDA0B346A5,TCGA-R5-A7ZI,2
TCGA,TCGA-R5-A7ZR-01Z-00-DX1.3E6B0708-D1AF-422F-B7F8-BBCCCEEE89B7,TCGA-R5-A7ZR,3
TCGA,TCGA-RD-A8MV-01A-01-TS1.6907D3D9-E3B2-4E1D-BA9A-F34A97F752B9,TCGA-RD-A8MV,3
TCGA,TCGA-VQ-A8DU-01A-01-TS1.5504013E-4FFA-4F5A-89C8-164085D89AE6,TCGA-VQ-A8DU,3
TCGA,TCGA-VQ-A8DU-01Z-00-DX1.12DD8768-1315-472E-801D-F44A418BEA41,TCGA-VQ-A8DU,3
TCGA,TCGA-VQ-A8PH-01A-01-TS1.E7585944-BDE4-4453-B884-AECDF44EF452,TCGA-VQ-A8PH,3
TCGA,TCGA-VQ-A8PH-01Z-00-DX1.79A66B42-B6CF-49F9-9204-DC21A57DAFF6,TCGA-VQ-A8PH,3
TCGA,TCGA-VQ-A8PJ-01A-01-TS1.1B0A17E7-54D9-4162-85F8-B96D0BE0A9FA,TCGA-VQ-A8PJ,3
TCGA,TCGA-VQ-A8PJ-01Z-00-DX1.19F00379-C001-49D2-9B22-6AE0791C8488,TCGA-VQ-A8PJ,3
TCGA,TCGA-VQ-A8PP-01A-02-TS2.DF749E42-8661-4C9E-8E6F-AC50CC1A0047,TCGA-VQ-A8PP,2
TCGA,TCGA-VQ-A8PP-01Z-00-DX1.46FE6CC6-A47C-47D3-B21B-A17CF1DDAC76,TCGA-VQ-A8PP,2
TCGA,TCGA-VQ-A91A-01A-01-TS1.A117E84D-3679-43C0-8935-8F3CC7155F9C,TCGA-VQ-A91A,3
TCGA,TCGA-VQ-A91A-01Z-00-DX1.B0F3EE79-4246-4534-9763-EB9C6D60F3AA,TCGA-VQ-A91A,3
TCGA,TCGA-VQ-A91S-01A-01-TS1.FE5C302A-3133-42FD-B4D5-AD7856715BC4,TCGA-VQ-A91S,3
TCGA,TCGA-VQ-A91S-01Z-00-DX1.11BCF3BE-4C79-4F6F-92B5-2C45190DBD86,TCGA-VQ-A91S,3
TCGA,TCGA-VQ-A91U-01A-01-TS1.D5C6B54E-ECC8-4BCB-B96C-5B4DC3DA478E,TCGA-VQ-A91U,3
TCGA,TCGA-VQ-A91U-01Z-00-DX1.84D19359-4AC3-4C7A-BC5B-7B63173ABB60,TCGA-VQ-A91U,3
TCGA,TCGA-VQ-A91Z-01A-01-TS1.75500CF5-8AE0-43FD-808B-337392228DEF,TCGA-VQ-A91Z,3
TCGA,TCGA-VQ-A91Z-01Z-00-DX1.14F618B5-D177-4129-A7C1-99373536DE45,TCGA-VQ-A91Z,3
TCGA,TCGA-VQ-A925-01A-01-TS1.205C3106-CBAD-4EFA-9217-45EF88D95F59,TCGA-VQ-A925,3
TCGA,TCGA-VQ-A925-01Z-00-DX1.D9AB5ADD-B946-4994-A3F2-646888C69E0D,TCGA-VQ-A925,3
TCGA,TCGA-VQ-AA6J-01A-01-TS1.BA56A642-E9C6-4B6A-BC16-69B223E58B7B,TCGA-VQ-AA6J,3
TCGA,TCGA-VQ-AA6J-01Z-00-DX1.212AF324-26E9-4807-A64B-6325D6E94507,TCGA-VQ-AA6J,3
TCGA,TCGA-BR-4280-01A-01-BS1.c33ad631-fa19-4aba-bd9f-7e382758a9a0,TCGA-BR-4280,2
TCGA,TCGA-BR-4280-01A-01-TS1.77653d62-0f99-475b-86b2-b25e2c079989,TCGA-BR-4280,2
TCGA,TCGA-BR-A4IY-01A-01-TSA.181E4986-82E1-485E-AA53-9A30B58DBB5E,TCGA-BR-A4IY,3
TCGA,TCGA-BR-A4IY-01Z-00-DX1.84134CDC-D21F-43AD-82E3-1074487457F6,TCGA-BR-A4IY,3
TCGA,TCGA-BR-A4J8-01A-01-TSA.75EF0D69-DB43-4F96-992B-5FFDDC0230EA,TCGA-BR-A4J8,3
TCGA,TCGA-BR-A4J8-01Z-00-DX1.40FF4C05-E9BF-412B-93D7-5E0CDCDAC4B1,TCGA-BR-A4J8,3
TCGA,TCGA-BR-A4QI-01Z-00-DX1.68312256-CBC5-4350-B4AD-A5990948BCB8,TCGA-BR-A4QI,3
TCGA,TCGA-CD-8534-01A-01-BS1.ea078dc4-43aa-483e-8088-054f89ebdff5,TCGA-CD-8534,1
TCGA,TCGA-CD-8534-01A-01-TS1.b5007608-58b5-4436-aabf-7ffb644ad364,TCGA-CD-8534,1
TCGA,TCGA-CD-8534-01Z-00-DX1.54F0CB0F-5A93-4382-A507-2DEFDBBE05F5,TCGA-CD-8534,1
TCGA,TCGA-CD-A48A-01A-01-TSA.0C77FBEE-72C6-4BE4-8575-B752139402FF,TCGA-CD-A48A,3
TCGA,TCGA-CD-A48A-01Z-00-DX1.C4416A6F-38A6-4743-990A-CE27923A2067,TCGA-CD-A48A,3
TCGA,TCGA-CG-5732-01A-01-BS1.9b5b1ad8-8ef3-4b15-9b35-a25a52b0ca0e,TCGA-CG-5732,3
TCGA,TCGA-CG-5732-01A-01-TS1.5ffc93a9-9514-4995-b2e3-ceace357feb7,TCGA-CG-5732,3
TCGA,TCGA-CG-5732-01Z-00-DX1.56EE8B97-4D88-4EA1-9EC9-B1A9F79C35D5,TCGA-CG-5732,3
TCGA,TCGA-HU-A4GU-01A-01-TS1.86BDE961-0D8C-4625-A396-479DEE4D466A,TCGA-HU-A4GU,2
TCGA,TCGA-HU-A4GU-01Z-00-DX1.3D4767B4-DDCB-4D80-A810-144427E73EDE,TCGA-HU-A4GU,2
TCGA,TCGA-ZQ-A9CR-01A-01-TS1.1DE6C62C-CC65-41AD-A1BA-1D7302D88883,TCGA-ZQ-A9CR,3
TCGA,TCGA-ZQ-A9CR-01Z-00-DX1.C9AC9991-7054-4068-A7AA-9D1EB7F040A3,TCGA-ZQ-A9CR,3
TCGA,TCGA-B7-5818-01A-01-BS1.a012bb27-0d58-4e93-97e1-69319de85ae7,TCGA-B7-5818,0
TCGA,TCGA-B7-5818-01A-01-TS1.ae62f646-53a7-4f98-b868-8731ea48121f,TCGA-B7-5818,0
TCGA,TCGA-BR-4362-01A-01-BS1.f4ab73bb-5a47-431a-8520-5c58bc7442fb,TCGA-BR-4362,2
TCGA,TCGA-BR-4362-01A-01-TS1.efe0b4ae-be42-4be8-b43a-e392fc85658c,TCGA-BR-4362,2
TCGA,TCGA-BR-4362-01Z-00-DX1.f12e9fd5-4d05-408b-8462-a2cc9a75edae,TCGA-BR-4362,2
TCGA,TCGA-BR-4363-01A-01-BS1.07f8625b-35e3-4886-b981-9ca04b05486a,TCGA-BR-4363,2
TCGA,TCGA-BR-4363-01Z-00-DX1.d2121987-481e-4f39-8cb3-724a9fc18036,TCGA-BR-4363,2
TCGA,TCGA-BR-6458-01A-01-BS1.cfa3f162-4dbc-41c3-80a7-dfba716a4075,TCGA-BR-6458,3
TCGA,TCGA-BR-6458-01A-01-TS1.74044284-b5c8-40e8-a828-0ab9506a9323,TCGA-BR-6458,3
TCGA,TCGA-BR-6458-01Z-00-DX1.e889b058-99ab-4337-84a5-60a884caad55,TCGA-BR-6458,3
TCGA,TCGA-BR-7196-01A-01-BS1.70eac61e-f005-414c-8298-b8a040ac8161,TCGA-BR-7196,0
TCGA,TCGA-BR-7196-01A-01-TS1.e604eeed-d0ad-4798-9bd7-d615874c4fd3,TCGA-BR-7196,0
TCGA,TCGA-BR-7196-01Z-00-DX1.651ae8f6-2d2e-4520-9419-29b957e85d03,TCGA-BR-7196,0
TCGA,TCGA-BR-7197-01A-01-BS1.2fbf309e-bb43-49d2-aae9-b3016a520722,TCGA-BR-7197,3
TCGA,TCGA-BR-7197-01Z-00-DX1.a8ee53be-925d-4922-b670-74b09f405dd3,TCGA-BR-7197,3
TCGA,TCGA-BR-7722-01A-02-BS2.7aacff35-991e-408d-b2e5-8ebe61186bd6,TCGA-BR-7722,3
TCGA,TCGA-BR-7722-01Z-00-DX1.06384343-d45c-4087-95c6-3b11304ec28e,TCGA-BR-7722,3
TCGA,TCGA-BR-7723-01A-01-BS1.52e6dce9-c089-412f-98c5-ca49a7cede40,TCGA-BR-7723,3
TCGA,TCGA-BR-7723-01Z-00-DX1.15f75a3f-93b8-423f-b5b5-bdb5ef378ed8,TCGA-BR-7723,3
TCGA,TCGA-BR-7959-01A-01-BS1.b0b7d5d2-6f7b-44cc-ac0e-c421dec96eb0,TCGA-BR-7959,3
TCGA,TCGA-BR-7959-01A-01-TS1.4efd1df3-64ce-4734-8e28-d1ff7ea75d41,TCGA-BR-7959,3
TCGA,TCGA-BR-7959-01Z-00-DX1.fe1ffcd9-7252-4ac8-9ece-08b9cd78107c,TCGA-BR-7959,3
TCGA,TCGA-BR-8080-01Z-00-DX1.bd4c0cc9-5baa-4cd0-990b-1f2ce0a19a35,TCGA-BR-8080,3
TCGA,TCGA-BR-8365-01Z-00-DX1.0cf05858-a4a5-468e-aa62-d3e3e91eab4a,TCGA-BR-8365,3
TCGA,TCGA-BR-8373-01A-01-TS1.bf0afcfb-3535-4558-aaf3-d48dd3452a03,TCGA-BR-8373,3
TCGA,TCGA-BR-8373-01Z-00-DX1.d508dfad-2195-4aa4-bccc-58a450d07182,TCGA-BR-8373,3
TCGA,TCGA-BR-8384-01Z-00-DX1.4f2655b6-39ef-4532-b8ed-b604ee5dada5,TCGA-BR-8384,1
TCGA,TCGA-BR-8483-01Z-00-DX1.0ddc4003-6d59-4b2b-9448-2755120de9f2,TCGA-BR-8483,3
TCGA,TCGA-BR-8486-01Z-00-DX1.5a31224e-5c0e-49ca-ae65-d2edc8e4a0a2,TCGA-BR-8486,3
TCGA,TCGA-BR-8592-01Z-00-DX1.5656d484-7850-467a-9d51-b6005a992225,TCGA-BR-8592,1
TCGA,TCGA-BR-A452-01A-09-TSI.BD3971E5-7F5A-4798-AA61-67CBFBCB01C8,TCGA-BR-A452,3
TCGA,TCGA-BR-A452-01Z-00-DX1.049385EF-FF29-4124-800D-A3FF525A85A0,TCGA-BR-A452,3
TCGA,TCGA-CD-5800-01A-01-BS1.989e9ce7-c02e-4c61-b5eb-ddff4a6fc21f,TCGA-CD-5800,3
TCGA,TCGA-CD-5800-01A-01-TS1.f9ca1a13-b042-4168-9ac1-f8ec7dcbb075,TCGA-CD-5800,3
TCGA,TCGA-CD-5800-01Z-00-DX1.a384bb17-10bd-46af-bf64-442b3c6c0c05,TCGA-CD-5800,3
TCGA,TCGA-CD-5801-01A-01-BS1.5198721d-ef2b-4435-937a-25497ff9907d,TCGA-CD-5801,0
TCGA,TCGA-CD-5801-01A-01-TS1.b2abf59f-2a8d-4ccc-95d3-61ae02b120a6,TCGA-CD-5801,0
TCGA,TCGA-CD-5801-01Z-00-DX1.2afa1c89-0f17-4f75-9cf0-2cde4aca97d0,TCGA-CD-5801,0
TCGA,TCGA-CD-8524-01A-01-BS1.95085761-b6a2-4219-b48c-9365040ac503,TCGA-CD-8524,3
TCGA,TCGA-CD-8524-01A-01-TS1.4689543a-0914-4be4-a9b1-544f2c756a04,TCGA-CD-8524,3
TCGA,TCGA-CD-8524-01Z-00-DX1.DECAC3E1-31F4-4D7E-9ABD-8E0CF27DB4B9,TCGA-CD-8524,3
TCGA,TCGA-CD-8528-01A-01-BS1.e2612106-6a1a-4a84-8339-f20e7144c5df,TCGA-CD-8528,3
TCGA,TCGA-CD-8528-01A-01-TS1.177354a8-5efe-40cf-8192-fbc2e5af40e8,TCGA-CD-8528,3
TCGA,TCGA-CD-8528-01Z-00-DX1.DE29BA05-ABCB-44B4-8CD9-D10EB3D71FBB,TCGA-CD-8528,3
TCGA,TCGA-CD-8530-01A-01-BS1.0d55a55a-fc0e-4119-95e0-20aa5e88cf7d,TCGA-CD-8530,3
TCGA,TCGA-CD-8530-01A-01-TS1.5a762e8f-accd-47be-9358-168ceaa0dd8f,TCGA-CD-8530,3
TCGA,TCGA-CD-8530-01Z-00-DX1.87CBC202-AE6C-408D-A428-DA9023670C36,TCGA-CD-8530,3
TCGA,TCGA-CD-A4MH-01A-01-TSA.83F7F9DD-BFEC-4824-9690-F1FD5B4FB95E,TCGA-CD-A4MH,3
TCGA,TCGA-CD-A4MH-01Z-00-DX1.5594817C-6E68-4D29-8B77-5133C321FB75,TCGA-CD-A4MH,3
TCGA,TCGA-CD-A4MI-01A-02-TSB.E470E22E-85F8-4EAD-9BDA-50D09ED67D60,TCGA-CD-A4MI,2
TCGA,TCGA-CD-A4MI-01Z-00-DX1.67267177-498C-4835-A95A-FF8C2A9DDB97,TCGA-CD-A4MI,2
TCGA,TCGA-CG-4301-01A-01-BS1.637576a0-9116-41ab-867b-4569fde1b4e9,TCGA-CG-4301,3
TCGA,TCGA-CG-4301-01A-01-TS1.4d30d6f5-c4e3-4e1b-aff2-4b30d56695ea,TCGA-CG-4301,3
TCGA,TCGA-CG-4301-01Z-00-DX1.d3a38b46-9f9c-4ed4-a1c7-fc1e48263a53,TCGA-CG-4301,3
TCGA,TCGA-CG-4306-01A-01-BS1.613fd086-be99-44b6-bae5-9a7baf265cda,TCGA-CG-4306,2
TCGA,TCGA-CG-4306-01A-01-TS1.32559eb9-e60d-4ad1-bb31-e33adf7ae734,TCGA-CG-4306,2
TCGA,TCGA-CG-4306-01Z-00-DX1.d4b89854-8529-4fb5-847a-ddb59b163727,TCGA-CG-4306,2
TCGA,TCGA-CG-4438-01A-01-BS1.cc0a03a5-09c4-4d93-9de2-3361d374bf75,TCGA-CG-4438,3
TCGA,TCGA-CG-4438-01A-01-TS1.0d3fb1f6-0506-4998-92f4-d1ca19b2497d,TCGA-CG-4438,3
TCGA,TCGA-CG-4438-01Z-00-DX1.3691c587-cadf-4523-a332-5a18f52c94b0,TCGA-CG-4438,3
TCGA,TCGA-CG-4441-01A-01-BS1.cca509d5-0658-4065-ab4f-2e625cd69eba,TCGA-CG-4441,1
TCGA,TCGA-CG-4441-01A-01-TS1.e1036cdd-b186-49e7-b90c-7855145f9608,TCGA-CG-4441,1
TCGA,TCGA-CG-4441-01Z-00-DX1.0e2867aa-9b2d-4539-b218-a1a318361dfc,TCGA-CG-4441,1
TCGA,TCGA-CG-4469-01A-01-BS1.4a53aa0a-4ed5-42c8-ac3a-03d0cfe82da1,TCGA-CG-4469,3
TCGA,TCGA-CG-4469-01A-01-TS1.f9591370-1728-445a-8490-1dd5862c0868,TCGA-CG-4469,3
TCGA,TCGA-CG-4469-01Z-00-DX1.005fafe8-ec9e-4283-95e4-f3cea0ac2365,TCGA-CG-4469,3
TCGA,TCGA-CG-4474-01A-01-BS1.157edacb-ea38-4969-baae-eeb9f1464390,TCGA-CG-4474,1
TCGA,TCGA-CG-4474-01A-02-BS2.43f1283a-5387-4d95-8373-9cae3760e37d,TCGA-CG-4474,1
TCGA,TCGA-CG-4474-01Z-00-DX1.b98d7365-75b1-4c90-80e0-fab8b354f411,TCGA-CG-4474,1
TCGA,TCGA-D7-5578-01A-01-BS1.9f452dad-3e66-4346-8278-61ffebbd6185,TCGA-D7-5578,3
TCGA,TCGA-D7-5578-01A-01-TS1.5be0df68-4c65-46d8-a058-3d01b01358d7,TCGA-D7-5578,3
TCGA,TCGA-D7-5578-01Z-00-DX1.8216cb00-cc28-4872-aef7-3b9c18e16117,TCGA-D7-5578,3
TCGA,TCGA-D7-5578-01Z-00-DX2.715B0263-C855-4C4F-8A53-16B0CA9432C8,TCGA-D7-5578,3
TCGA,TCGA-D7-6518-01A-01-BS1.43420704-66d5-444d-ade3-50612f8abea6,TCGA-D7-6518,3
TCGA,TCGA-D7-6518-01A-01-TS1.3a086a4d-89c8-43b2-8693-87dc3b295b4d,TCGA-D7-6518,3
TCGA,TCGA-D7-6518-01Z-00-DX1.227f4361-7393-4276-801a-a395617a15e4,TCGA-D7-6518,3
TCGA,TCGA-D7-6518-01Z-00-DX2.8CA8FC09-10AD-4931-861A-25CBCAE9D488,TCGA-D7-6518,3
TCGA,TCGA-D7-6526-01A-01-BS1.dac7c80f-1a7f-40e1-bf6a-e99fd513be93,TCGA-D7-6526,3
TCGA,TCGA-D7-6526-01A-01-TS1.422a96b9-349c-4b50-8440-d45fcc0098f5,TCGA-D7-6526,3
TCGA,TCGA-D7-6526-01Z-00-DX1.d954acfe-8efc-4ab7-965b-edc8c3afdfc6,TCGA-D7-6526,3
TCGA,TCGA-D7-6526-01Z-00-DX2.8846E328-5343-4A95-A77D-3827F443A989,TCGA-D7-6526,3
TCGA,TCGA-D7-6817-01A-01-BS1.8529b6c7-d030-4c8d-98e9-4a9c18e7b7f4,TCGA-D7-6817,3
TCGA,TCGA-D7-6817-01A-01-TS1.9713e69b-c1cf-40d9-96c4-bc2348ea8d95,TCGA-D7-6817,3
TCGA,TCGA-D7-6817-01Z-00-DX1.c1c7e7bb-2811-4034-8da8-af527377a711,TCGA-D7-6817,3
TCGA,TCGA-D7-6817-01Z-00-DX2.725AB42B-1396-48E6-B37A-62955F72DD0F,TCGA-D7-6817,3
TCGA,TCGA-D7-A4YU-01A-02-TS2.D053AD0B-6A88-4768-A2E0-CBC9C48CD91D,TCGA-D7-A4YU,3
TCGA,TCGA-D7-A4YU-01Z-00-DX1.42DF1586-BD02-4482-AEAF-8F2C1BBB1C20,TCGA-D7-A4YU,3
TCGA,TCGA-D7-A4Z0-01A-02-TS2.81F1B88A-5AD2-4471-BE33-9DAC020D074F,TCGA-D7-A4Z0,1
TCGA,TCGA-D7-A4Z0-01Z-00-DX1.3D9BDA76-6884-4012-AB91-C374F32B58FB,TCGA-D7-A4Z0,1
TCGA,TCGA-D7-A6EX-01A-01-TS1.1DB8565C-6B94-4C91-A83C-ED6CDC1F474D,TCGA-D7-A6EX,3
TCGA,TCGA-D7-A6EX-01Z-00-DX1.03BECFB9-A4B2-4B43-99F7-C49850796F31,TCGA-D7-A6EX,3
TCGA,TCGA-D7-A6EY-01A-02-TS2.C7192BA3-D735-463A-A47E-DA9166E78B64,TCGA-D7-A6EY,2
TCGA,TCGA-D7-A6EY-01Z-00-DX1.7E101F3B-8923-4554-AA48-C2493D0F46C0,TCGA-D7-A6EY,2
TCGA,TCGA-F1-6177-01A-01-BS1.896352cb-7520-4c98-aed6-a86f723d999f,TCGA-F1-6177,2
TCGA,TCGA-F1-6177-01A-01-TS1.f5b7e812-9685-4f60-a6a5-bd937284b802,TCGA-F1-6177,2
TCGA,TCGA-F1-6177-01Z-00-DX1.7687CABE-8984-4396-882C-978C15F66401,TCGA-F1-6177,2
TCGA,TCGA-FP-7735-01A-01-TS1.5d954849-5558-4c54-80ca-9217092342bc,TCGA-FP-7735,3
TCGA,TCGA-FP-7735-01Z-00-DX1.97aac46a-898e-4c43-8c93-1496f40c43ed,TCGA-FP-7735,3
TCGA,TCGA-FP-8210-01Z-00-DX1.0ef0fd3f-5968-48ce-9e69-eaae83c29004,TCGA-FP-8210,1
TCGA,TCGA-FP-A9TM-01A-01-TS1.A6546AA8-40B6-49E4-99A5-D9431ABF58C3,TCGA-FP-A9TM,3
TCGA,TCGA-FP-A9TM-01Z-00-DX1.1BD7C378-9FDD-46F0-B546-BB255079AFAA,TCGA-FP-A9TM,3
TCGA,TCGA-HU-8602-01A-01-BS1.4f14a152-1d53-4fd2-ada5-a85a625a78c8,TCGA-HU-8602,2
TCGA,TCGA-HU-8602-01A-01-TS1.322f96b6-fe73-4b80-a98c-395feb6fa758,TCGA-HU-8602,2
TCGA,TCGA-HU-A4GC-01A-01-TS1.2236F5CF-12AC-4FB7-901D-5C9136138F08,TCGA-HU-A4GC,3
TCGA,TCGA-HU-A4GC-01Z-00-DX1.A4B077E3-E5D0-4120-9C72-87BDACF9AC14,TCGA-HU-A4GC,3
TCGA,TCGA-HU-A4GP-01A-01-TS1.1D391AC6-06A2-4926-B9C6-F39B8A861AB2,TCGA-HU-A4GP,3
TCGA,TCGA-HU-A4GP-01Z-00-DX1.2028C25D-2547-4CF3-9863-DEA1DCBD0DE8,TCGA-HU-A4GP,3
TCGA,TCGA-HU-A4GT-01A-02-TS2.3A7FF2AD-6975-4680-9093-F9EACA040A07,TCGA-HU-A4GT,2
TCGA,TCGA-HU-A4GT-01Z-00-DX1.F4DD9EAC-8CB8-430A-BF7B-1D43C17FEF61,TCGA-HU-A4GT,2
TCGA,TCGA-HU-A4GY-01A-02-TS2.AEA314D2-E6F3-4CA3-B9CB-6DA34C4106B5,TCGA-HU-A4GY,3
TCGA,TCGA-HU-A4GY-01Z-00-DX1.79A487FD-BA95-4051-8E4B-BE1502946F4F,TCGA-HU-A4GY,3
TCGA,TCGA-IN-7806-01A-01-BS1.e629c9d3-613e-42d2-9329-3de8a35d5a63,TCGA-IN-7806,3
TCGA,TCGA-IN-7806-01A-01-TS1.031dcdbf-4616-4d2a-a13c-c74ce03dfac8,TCGA-IN-7806,3
TCGA,TCGA-IN-7806-01Z-00-DX1.2e7288fd-e149-4d4f-9d63-dd2e2f91d4f8,TCGA-IN-7806,3
TCGA,TCGA-KB-A93J-01A-01-TS1.08F5B199-A8F3-4739-85C5-99D47C31E88A,TCGA-KB-A93J,3
TCGA,TCGA-KB-A93J-01Z-00-DX1.CF87A80C-609E-4064-9C59-BD2A211A886A,TCGA-KB-A93J,3
TCGA,TCGA-L5-A4OQ-01A-01-TS1.033C476E-E3BA-4483-B999-6DF90EA4B412,TCGA-L5-A4OQ,3
TCGA,TCGA-L5-A4OQ-01Z-00-DX1.644B5159-E8B8-4BC4-94FB-20F449FBBB01,TCGA-L5-A4OQ,3
TCGA,TCGA-MX-A5UJ-01A-01-TS1.B6D21B23-9774-43AF-BAD0-F5A5395ED0C8,TCGA-MX-A5UJ,2
TCGA,TCGA-MX-A5UJ-01Z-00-DX1.936F7641-740B-4246-BB2D-C8443501CF50,TCGA-MX-A5UJ,2
TCGA,TCGA-RD-A8N1-01A-01-TS1.74F2F199-066C-4180-A212-D7D0E06ABC2B,TCGA-RD-A8N1,3
TCGA,TCGA-RD-A8N1-01Z-00-DX1.A5D023FB-CBF8-477C-B5D1-8281BAA25E2E,TCGA-RD-A8N1,3
TCGA,TCGA-VQ-A91N-01A-01-TS1.D3D3231C-807C-48D0-BA02-FA185D98CD54,TCGA-VQ-A91N,3
TCGA,TCGA-VQ-A91N-01Z-00-DX1.4F7CF3DD-8AAA-43DE-98C1-E44B2B5FB019,TCGA-VQ-A91N,3
TCGA,TCGA-VQ-A91X-01A-01-TS1.C9FEED98-C139-4755-A718-DCA06F0E1F4C,TCGA-VQ-A91X,3
TCGA,TCGA-VQ-A91X-01Z-00-DX1.8D0815BF-2430-4471-881E-1E12357ACEA4,TCGA-VQ-A91X,3
TCGA,TCGA-VQ-A91Y-01A-01-TS1.67E90E2B-8335-4167-84D9-6E824661EAEC,TCGA-VQ-A91Y,3
TCGA,TCGA-VQ-A91Y-01Z-00-DX1.9401E1F3-4110-4F1E-99A0-36D4E1518650,TCGA-VQ-A91Y,3
TCGA,TCGA-VQ-A94R-01A-01-TSA.AD32291E-76C6-4F16-A3E2-A2CC35D535D8,TCGA-VQ-A94R,3
TCGA,TCGA-VQ-A94R-01Z-00-DX1.4F2367B3-6759-469C-90E5-0660102E86A6,TCGA-VQ-A94R,3
TCGA,TCGA-VQ-AA68-01A-01-TS1.77EA96E8-D397-41DA-99CF-7A055FB04FA8,TCGA-VQ-AA68,3
TCGA,TCGA-VQ-AA68-01Z-00-DX1.CF6FBB15-5887-4406-946A-AF93918EC318,TCGA-VQ-AA68,3
TCGA,TCGA-VQ-AA6G-01A-01-TS1.60C0F233-9B23-45CF-AA39-753C8F3FB816,TCGA-VQ-AA6G,3
TCGA,TCGA-VQ-AA6G-01Z-00-DX1.3BDB7578-931A-47DB-933F-C7CA7CD50EDE,TCGA-VQ-AA6G,3
TCGA,TCGA-BR-7957-01A-01-TS1.0ed09459-4c85-43ac-8c32-8521612f9556,TCGA-BR-7957,3
TCGA,TCGA-BR-7957-01Z-00-DX1.870e24e0-b9cf-4baa-91f1-bd031d06da8e,TCGA-BR-7957,3
TCGA,TCGA-BR-7958-01A-01-BS1.447e6bee-d46f-4ce7-9347-b24ef1983e66,TCGA-BR-7958,0
TCGA,TCGA-BR-7958-01Z-00-DX1.41f7c42e-6266-49d7-bdb6-66771033961f,TCGA-BR-7958,0
TCGA,TCGA-BR-8297-01Z-00-DX1.881fd27f-e2c1-42fe-9b1a-afae4fcc4909,TCGA-BR-8297,3
TCGA,TCGA-BR-8590-01A-01-BS1.b176748e-9a81-4a4e-9560-85a3281d5e29,TCGA-BR-8590,3
TCGA,TCGA-BR-8590-01A-01-TS1.4f2d5f54-7de6-4f2c-8019-b6cc248005b4,TCGA-BR-8590,3
TCGA,TCGA-BR-8590-01Z-00-DX1.504afa1d-3a8f-423f-9edf-4df35720c05f,TCGA-BR-8590,3
TCGA,TCGA-CG-4444-01A-01-BS1.57e93f55-0955-417b-87a8-f13401f82966,TCGA-CG-4444,3
TCGA,TCGA-CG-4444-01A-01-TS1.3e61b685-8ef7-4585-8ade-afb32e916a6a,TCGA-CG-4444,3
TCGA,TCGA-CG-4444-01Z-00-DX1.2f966933-a92c-4888-853c-2f8ca195120e,TCGA-CG-4444,3
TCGA,TCGA-CG-4477-01A-01-BS1.6031977c-ae8b-498a-ab00-9a271822eb0a,TCGA-CG-4477,3
TCGA,TCGA-CG-4477-01A-01-TS1.45491f30-89de-4f34-af15-0b1605540eb6,TCGA-CG-4477,3
TCGA,TCGA-CG-4477-01Z-00-DX1.298d0c11-7e95-4c72-8446-a2cd5a87667f,TCGA-CG-4477,3
TCGA,TCGA-D7-A4YT-01A-01-TS1.4C115C5B-A653-48F0-B461-98DECF8BABBA,TCGA-D7-A4YT,3
TCGA,TCGA-D7-A4YT-01Z-00-DX1.645AF39D-1B70-4C46-AB80-7B532994EE66,TCGA-D7-A4YT,3
TCGA,TCGA-F1-A448-01A-01-TS1.8E8F894E-728F-4F63-BCCA-4542A7E3DC3B,TCGA-F1-A448,2
TCGA,TCGA-F1-A448-01Z-00-DX1.FAEC839E-048D-4A33-9159-DECAEEA21777,TCGA-F1-A448,2
TCGA,TCGA-F1-A72C-01A-02-TS2.62C7C079-D07C-414E-9DA9-C35EB85DC50D,TCGA-F1-A72C,3
TCGA,TCGA-F1-A72C-01Z-00-DX1.9E02D497-97BD-401C-AFA1-AC2CFE3E8592,TCGA-F1-A72C,3
TCGA,TCGA-HU-A4H4-01A-02-TS2.7EBB7D7B-2CC9-4F74-8260-4E832FF8FC18,TCGA-HU-A4H4,2
TCGA,TCGA-HU-A4H6-01A-01-TS1.C11E39B5-648D-431E-90A8-BDCA53CC9603,TCGA-HU-A4H6,3
TCGA,TCGA-HU-A4H6-01Z-00-DX1.0DD51B66-A983-44F4-9753-03ED9C606E77,TCGA-HU-A4H6,3
TCGA,TCGA-SW-A7EA-01A-01-TSA.6C194776-4145-428A-AB45-32D0B01DE06B,TCGA-SW-A7EA,2
TCGA,TCGA-SW-A7EA-01Z-00-DX1.C5E1BE0E-0A25-4480-A3AC-DB2ED7471A4E,TCGA-SW-A7EA,2
TCGA,TCGA-VQ-A8E0-01A-01-TS1.85913452-E684-4EE2-8C4B-542027684F85,TCGA-VQ-A8E0,3
TCGA,TCGA-VQ-A8E0-01Z-00-DX1.81F45F4C-5D39-4C76-9888-064D53C9A80D,TCGA-VQ-A8E0,3
TCGA,TCGA-VQ-A8E3-01A-01-TS1.D13641D4-1E20-4576-AE5B-ADB6A9DB4C90,TCGA-VQ-A8E3,2
TCGA,TCGA-VQ-A8E3-01Z-00-DX1.2CEA9979-EC34-48E2-A092-55757506490A,TCGA-VQ-A8E3,2
TCGA,TCGA-VQ-A8PB-01A-01-TS1.CC7DC1BB-74F1-445E-9681-EE9FB1F942A4,TCGA-VQ-A8PB,2
TCGA,TCGA-VQ-A8PB-01Z-00-DX1.FAB74FD6-C7AB-422F-ACA9-2DB0ACEC23E5,TCGA-VQ-A8PB,2
TCGA,TCGA-VQ-A94O-01A-01-TS1.D88F40EE-D394-4DB5-B351-4072548428FE,TCGA-VQ-A94O,3
TCGA,TCGA-VQ-A94O-01Z-00-DX1.83040E68-904F-4F7E-B4E1-34C860098228,TCGA-VQ-A94O,3
TCGA,TCGA-VQ-AA6K-01A-01-TS1.F9DED64B-48DE-47DE-92AE-33E837F78429,TCGA-VQ-AA6K,3
TCGA,TCGA-VQ-AA6K-01Z-00-DX1.8AF14797-0C31-4DF3-94A4-868EC96E7BB1,TCGA-VQ-AA6K,3
TCGA,TCGA-3M-AB46-01A-01-TS1.E3B69170-C92D-4196-9DD5-F65762D4C700,TCGA-3M-AB46,3
TCGA,TCGA-3M-AB46-01Z-00-DX1.70F638A0-BDCB-4BDE-BBFE-6D78A1A08C5B,TCGA-3M-AB46,3
TCGA,TCGA-3M-AB47-01A-02-TS2.098C381B-1806-4720-8F7B-326BE8F085F7,TCGA-3M-AB47,1
TCGA,TCGA-3M-AB47-01Z-00-DX1.D7D70922-A91F-4798-8D6E-DFD84D145A59,TCGA-3M-AB47,1
TCGA,TCGA-BR-4294-01A-01-TS1.c71135c4-7064-4e60-9552-2840e3702427,TCGA-BR-4294,3
TCGA,TCGA-BR-4294-01Z-00-DX1.247c5447-23e3-4620-a981-19d5f572235a,TCGA-BR-4294,3
TCGA,TCGA-BR-6454-01A-01-BS1.e37ce1e7-10e5-4fde-b3e0-9fd710fd08f3,TCGA-BR-6454,3
TCGA,TCGA-BR-6454-01A-01-TS1.05ede179-7883-4068-a7a1-c7c55bcabcfa,TCGA-BR-6454,3
TCGA,TCGA-BR-6454-01Z-00-DX1.63fb6280-2b43-49b2-960a-eb9c0e8b617c,TCGA-BR-6454,3
TCGA,TCGA-BR-7703-01A-01-BS1.1da06762-09f6-4f37-ae9c-5e5dc9a9a4c5,TCGA-BR-7703,2
TCGA,TCGA-BR-7703-01A-01-TS1.320d23d5-8b59-4998-9628-42a1a4cd44c3,TCGA-BR-7703,2
TCGA,TCGA-BR-7703-01Z-00-DX1.405deaeb-de87-480f-b676-3657d92d1f68,TCGA-BR-7703,2
TCGA,TCGA-BR-7707-01A-01-TS1.5dd41abb-a7a3-4388-95e5-b0812f0f12fb,TCGA-BR-7707,2
TCGA,TCGA-BR-7707-01Z-00-DX1.0aae4d1b-3345-4277-8820-c54e3df2e64f,TCGA-BR-7707,2
TCGA,TCGA-BR-7716-01A-01-BS1.4f114fd6-8f0f-4f5f-812b-a4a6621f1ec6,TCGA-BR-7716,3
TCGA,TCGA-BR-7716-01Z-00-DX1.777e570a-5771-4288-b110-26e44358745b,TCGA-BR-7716,3
TCGA,TCGA-BR-8058-01Z-00-DX1.e2c9bf25-0e6b-4088-9148-483f45893c3d,TCGA-BR-8058,3
TCGA,TCGA-BR-8363-01A-01-BS1.c1d25ba6-9a2d-413f-b1e7-a5c8a6531578,TCGA-BR-8363,2
TCGA,TCGA-BR-8363-01A-01-TS1.35bcaec4-f65d-4ce2-8b6a-cd0624717112,TCGA-BR-8363,2
TCGA,TCGA-BR-8363-01Z-00-DX1.eeecad72-b281-4e28-be60-4542b4a275aa,TCGA-BR-8363,2
TCGA,TCGA-BR-8484-01A-01-BS1.a0bb0e08-8f0a-4d28-9926-b8306f8f1f69,TCGA-BR-8484,3
TCGA,TCGA-BR-8484-01A-01-TS1.5d0aaf49-58b6-4526-948d-0f65726047be,TCGA-BR-8484,3
TCGA,TCGA-BR-8484-01Z-00-DX1.5c897888-fcd2-4214-aa1e-f6a63ff1b755,TCGA-BR-8484,3
TCGA,TCGA-BR-A4J1-01Z-00-DX1.B4F9F7D6-174B-42C9-AFFF-A088398F18EA,TCGA-BR-A4J1,3
TCGA,TCGA-BR-A4J7-01A-03-TSC.EC6B4DB4-6158-4236-88B4-8B80FD258780,TCGA-BR-A4J7,3
TCGA,TCGA-BR-A4J7-01Z-00-DX1.95C74F68-FA18-446D-934D-296D9215D500,TCGA-BR-A4J7,3
TCGA,TCGA-CD-5803-01A-01-BS1.24de21cb-f34a-4efa-9aa6-ce6832699c5f,TCGA-CD-5803,3
TCGA,TCGA-CD-5803-01Z-00-DX1.8d786276-18f5-4017-ba30-79e46b2da513,TCGA-CD-5803,3
TCGA,TCGA-CD-8526-01A-01-BS1.05fb84af-d490-4268-8787-7a1bfaf529d3,TCGA-CD-8526,3
TCGA,TCGA-CD-8526-01A-01-TS1.155fa1c9-c812-4745-bc9e-e6c44295b706,TCGA-CD-8526,3
TCGA,TCGA-CD-8526-01Z-00-DX1.499C498B-2D4E-4285-AD07-162788E87579,TCGA-CD-8526,3
TCGA,TCGA-CD-8532-01A-01-BS1.e01efe12-5158-4005-a007-2e44f7b6e20b,TCGA-CD-8532,3
TCGA,TCGA-CD-8532-01A-01-TS1.ee90c932-1579-4b59-a184-2179bcc38c79,TCGA-CD-8532,3
TCGA,TCGA-CD-8532-01Z-00-DX1.13868263-2259-4D74-8263-A79338BDE5A7,TCGA-CD-8532,3
TCGA,TCGA-CD-A487-01A-02-TSB.837F195A-EE02-4589-86B7-DB8D8BA46F30,TCGA-CD-A487,3
TCGA,TCGA-CD-A487-01Z-00-DX1.A026BD2F-B721-4340-83D5-7AA39227C90F,TCGA-CD-A487,3
TCGA,TCGA-CG-4304-01A-01-BS1.ef8e1f86-8dbd-4941-a016-ed0efc89d35c,TCGA-CG-4304,3
TCGA,TCGA-CG-4304-01A-01-TS1.7c1620ba-bcd0-4616-b138-08c67936e65c,TCGA-CG-4304,3
TCGA,TCGA-CG-4304-01Z-00-DX1.65e18165-6009-4820-bed2-23c43baa2495,TCGA-CG-4304,3
TCGA,TCGA-CG-4440-01A-01-BS1.9c53e9a6-bf67-40e8-8099-2f0de5ed4ed9,TCGA-CG-4440,3
TCGA,TCGA-CG-4440-01A-01-TS1.044cda6b-c3ca-4c34-adf8-bdb7cc50f8c1,TCGA-CG-4440,3
TCGA,TCGA-CG-4440-01Z-00-DX1.297add71-f47a-47fa-b472-1a06cc9541ec,TCGA-CG-4440,3
TCGA,TCGA-CG-4462-01A-01-BS1.8655c0a9-39ee-4e10-ac16-d501a9c096a6,TCGA-CG-4462,1
TCGA,TCGA-CG-4462-01A-01-TS1.248b9397-a38b-420f-af07-8114a185d9a4,TCGA-CG-4462,1
TCGA,TCGA-CG-4462-01Z-00-DX1.b83d328e-f315-493a-b625-1ca3136e5898,TCGA-CG-4462,1
TCGA,TCGA-CG-4475-01A-01-BS1.20939a61-41ac-4d46-a249-713fe982092a,TCGA-CG-4475,3
TCGA,TCGA-CG-4475-01A-01-TS1.852dac27-f9f7-4a15-9da8-3efc8efdf361,TCGA-CG-4475,3
TCGA,TCGA-CG-4475-01Z-00-DX1.7a6c4b16-baea-4820-b91e-c9b1c2945faf,TCGA-CG-4475,3
TCGA,TCGA-CG-4476-01A-01-BS1.7a0972f5-ab0e-4390-8fdf-a3808b754d46,TCGA-CG-4476,3
TCGA,TCGA-CG-4476-01A-01-TS1.445551b3-54ac-4d7b-80b9-23bc0ecb3812,TCGA-CG-4476,3
TCGA,TCGA-CG-4476-01Z-00-DX1.04f422f3-317a-41a9-af82-3ff43d823b6f,TCGA-CG-4476,3
TCGA,TCGA-CG-5720-01A-01-BS1.9f897eb6-d54f-4116-b75b-a7041da0096b,TCGA-CG-5720,3
TCGA,TCGA-CG-5720-01A-01-TS1.d91e0ea8-4a51-431e-9884-912a363688ca,TCGA-CG-5720,3
TCGA,TCGA-CG-5720-01Z-00-DX1.934A284B-B33A-4C76-B423-2110012B7178,TCGA-CG-5720,3
TCGA,TCGA-D7-6815-01A-01-BS1.27ed09fb-797d-4523-94a5-f77556706b91,TCGA-D7-6815,3
TCGA,TCGA-D7-6815-01A-01-TS1.8be13c35-f802-4c0e-955d-a1033de1bc14,TCGA-D7-6815,3
TCGA,TCGA-D7-6815-01Z-00-DX1.518E266F-0FF6-4768-85C6-19D77935A537,TCGA-D7-6815,3
TCGA,TCGA-D7-6818-01A-01-BS1.22f6557a-1030-40ed-83a5-2c8cda4acd41,TCGA-D7-6818,3
TCGA,TCGA-D7-6818-01A-01-TS1.e009208d-299a-403d-a171-91054f531b9c,TCGA-D7-6818,3
TCGA,TCGA-D7-6818-01Z-00-DX1.c0709e0a-3e53-431b-a1e3-259ad84497f6,TCGA-D7-6818,3
TCGA,TCGA-D7-6818-01Z-00-DX2.3D150EDC-0246-4CEA-8EFF-5811EA8ADA09,TCGA-D7-6818,3
TCGA,TCGA-D7-6822-01A-01-BS1.dfd06875-8a64-49d0-93b1-74c5b7b5c65a,TCGA-D7-6822,3
TCGA,TCGA-D7-6822-01A-01-TS1.c3fa439d-58f1-4188-8664-77092a595365,TCGA-D7-6822,3
TCGA,TCGA-D7-6822-01Z-00-DX1.b583410e-fb5b-4a57-8215-eb7eeee3645d,TCGA-D7-6822,3
TCGA,TCGA-D7-6822-01Z-00-DX2.4085F597-DD0C-4793-9586-CCC73382986B,TCGA-D7-6822,3
TCGA,TCGA-D7-8576-01A-01-TS1.1afe8b91-f16d-4f71-b8ba-d622b89058fd,TCGA-D7-8576,3
TCGA,TCGA-D7-8576-01Z-00-DX1.102C35FC-8CA4-471A-86E9-5C5526178928,TCGA-D7-8576,3
TCGA,TCGA-D7-8576-01Z-00-DX2.2535E27E-C1AC-4008-B48F-083B6F53AF03,TCGA-D7-8576,3
TCGA,TCGA-D7-A4YX-01A-01-TS1.02107F4F-A25C-4795-B00E-C4996F58924C,TCGA-D7-A4YX,0
TCGA,TCGA-D7-A4YX-01Z-00-DX1.54DE426E-7EC0-4FF4-919F-045E38B3C34E,TCGA-D7-A4YX,0
TCGA,TCGA-D7-A6F0-01A-01-TS1.10D4540F-6474-43E4-B482-8BF7A6817F9A,TCGA-D7-A6F0,3
TCGA,TCGA-D7-A6F0-01Z-00-DX1.C75CE666-2AA5-433C-BDA4-795B9A6FE8C3,TCGA-D7-A6F0,3
TCGA,TCGA-F1-6875-01A-01-BS1.2e18d01c-2ae8-4963-b34a-3741faa00b72,TCGA-F1-6875,3
TCGA,TCGA-F1-6875-01A-01-TS1.831db76a-7ec9-4868-8d43-23935b1b58f0,TCGA-F1-6875,3
TCGA,TCGA-F1-6875-01Z-00-DX1.F9E009FF-3213-4CCC-9075-C04B1E62A524,TCGA-F1-6875,3
TCGA,TCGA-FP-A8CX-01A-01-TS1.522485D9-4E43-42E2-AAE3-75ABE2173BF9,TCGA-FP-A8CX,3
TCGA,TCGA-FP-A8CX-01Z-00-DX1.AD598CBF-2E0F-4285-A2BB-E9CE0EE1873B,TCGA-FP-A8CX,3
TCGA,TCGA-HF-7133-01A-01-BS1.dfd5c67d-9681-4c5e-9a31-40bbe3f96e15,TCGA-HF-7133,3
TCGA,TCGA-HF-7133-01A-01-TS1.cfaa7209-62da-4332-a7fb-d22eff0aab3f,TCGA-HF-7133,3
TCGA,TCGA-HF-7133-01Z-00-DX1.4F84AAFA-47F2-46AB-9F85-1129D441A9C0,TCGA-HF-7133,3
TCGA,TCGA-HF-A5NB-01A-01-TS1.A3F784BD-FCB1-45D9-BDDF-634A7ADA311B,TCGA-HF-A5NB,2
TCGA,TCGA-HF-A5NB-01Z-00-DX1.CA67064B-3281-4144-A2A2-E0BC43E6F8D6,TCGA-HF-A5NB,2
TCGA,TCGA-L5-A4OG-01A-01-TS1.4C6C41C5-3152-48AC-90C6-A8D821984231,TCGA-L5-A4OG,3
TCGA,TCGA-L5-A4OG-01Z-00-DX1.3C731688-D9DA-4F83-97E9-F59D00CAE280,TCGA-L5-A4OG,3
TCGA,TCGA-MX-A663-01Z-00-DX1.EBDF2119-63E3-4DA5-B661-440A461904BE,TCGA-MX-A663,3
TCGA,TCGA-RD-A7BW-01A-01-TS1.C64249CB-C3DE-40D9-87CF-1C76860B36DB,TCGA-RD-A7BW,3
TCGA,TCGA-RD-A7BW-01Z-00-DX1.C8C51F10-BD65-44AC-BC95-4ED8D017D908,TCGA-RD-A7BW,3
TCGA,TCGA-RD-A7C1-01A-01-TS1.F8F0E730-56BE-41C2-907E-F5459A497B5C,TCGA-RD-A7C1,3
TCGA,TCGA-RD-A7C1-01Z-00-DX1.217B7632-39AC-41E1-8491-20C700B08AEC,TCGA-RD-A7C1,3
TCGA,TCGA-RD-A8MW-01A-01-TS1.D026458E-517E-4D5C-8D84-460F352F8656,TCGA-RD-A8MW,3
TCGA,TCGA-RD-A8MW-01Z-00-DX1.30EE6F24-3983-4793-9EF6-059B9AF53F24,TCGA-RD-A8MW,3
TCGA,TCGA-RD-A8N0-01A-01-TS1.6944FC66-5A29-4E1A-897D-BE8CEEE4DEB6,TCGA-RD-A8N0,1
TCGA,TCGA-RD-A8N0-01Z-00-DX1.4C91480F-E7D8-4E37-B528-F5E272F2F8CA,TCGA-RD-A8N0,1
TCGA,TCGA-RD-A8NB-01A-01-TS1.703B9814-B0B1-45FB-8EC2-27E2F3E02191,TCGA-RD-A8NB,2
TCGA,TCGA-RD-A8NB-01Z-00-DX1.FA45D4EF-D5FA-407A-9BF1-44C2A6326F3A,TCGA-RD-A8NB,2
TCGA,TCGA-SW-A7EB-01A-01-TSA.1E7FA383-4220-4052-8120-702759F1E3CC,TCGA-SW-A7EB,3
TCGA,TCGA-SW-A7EB-01Z-00-DX1.E9DE72F8-706D-43E2-A67E-7EDD39A509EB,TCGA-SW-A7EB,3
TCGA,TCGA-VQ-A8DV-01A-01-TS1.E87FE198-F0C0-4C88-9EF5-7F1B814F43F3,TCGA-VQ-A8DV,3
TCGA,TCGA-VQ-A8DV-01Z-00-DX1.DB668CCB-E5C9-49D8-9F0B-2548AA1C3E69,TCGA-VQ-A8DV,3
TCGA,TCGA-VQ-A8DZ-01Z-00-DX1.3C4CB10D-8C8B-4828-B7D4-7058BDF4D39F,TCGA-VQ-A8DZ,3
TCGA,TCGA-VQ-A8P2-01A-01-TS1.7ACFD507-4BE2-4123-B463-6BB2375E7B95,TCGA-VQ-A8P2,2
TCGA,TCGA-VQ-A8P2-01Z-00-DX1.0515199A-B84D-4973-ACAB-30B919F99FB8,TCGA-VQ-A8P2,2
TCGA,TCGA-VQ-A8P3-01A-01-TS1.63B4FB2F-BE47-4A6D-9F66-547056AEF277,TCGA-VQ-A8P3,1
TCGA,TCGA-VQ-A8P3-01Z-00-DX1.1B018BDB-5C60-46D8-A014-CE8CA8ADA191,TCGA-VQ-A8P3,1
TCGA,TCGA-VQ-A8PC-01A-01-TS1.2986CD3B-8500-43F1-9E4B-4FFF89D79365,TCGA-VQ-A8PC,3
TCGA,TCGA-VQ-A8PC-01Z-00-DX1.03BD1821-DB4A-4FAB-AA6A-A8C91E6215F4,TCGA-VQ-A8PC,3
TCGA,TCGA-VQ-A91Q-01A-01-TS1.1AF19703-F2EC-4D51-8FAF-FBF4E858E5D3,TCGA-VQ-A91Q,3
TCGA,TCGA-VQ-A91Q-01Z-00-DX1.9928DA7E-B36D-4E5E-8F0F-BD41DA588DB9,TCGA-VQ-A91Q,3
TCGA,TCGA-VQ-A922-01A-01-TS1.0FF02899-57F8-419E-8872-C6EDE53F4D3C,TCGA-VQ-A922,3
TCGA,TCGA-VQ-A922-01Z-00-DX1.445608A5-D4F1-44AB-8642-3C944D753D87,TCGA-VQ-A922,3
TCGA,TCGA-VQ-A924-01A-01-TS1.0CBD5AFC-2108-4BC8-B138-8E592BC7196F,TCGA-VQ-A924,2
TCGA,TCGA-VQ-A924-01Z-00-DX1.736B41F3-9678-4FAF-AE86-FCAC4F6DCBD3,TCGA-VQ-A924,2
TCGA,TCGA-VQ-A94P-01A-01-TS1.2F13D4DD-7B11-4610-B305-09D9A04490D2,TCGA-VQ-A94P,3
TCGA,TCGA-VQ-A94P-01Z-00-DX1.83E87D6C-D210-4C06-BB5B-49A1F3E14EE0,TCGA-VQ-A94P,3
TCGA,TCGA-VQ-A94U-01A-01-TS1.397D1AFB-FDF6-4A4B-8E46-8899ABD55F66,TCGA-VQ-A94U,3
TCGA,TCGA-VQ-A94U-01Z-00-DX1.5E27CE1E-CF07-4219-9536-D5F898E47A9B,TCGA-VQ-A94U,3
TCGA,TCGA-VQ-AA6A-01A-01-TS1.3FD3EBBD-8674-4BE0-8509-6D3BB6F6C2F0,TCGA-VQ-AA6A,3
TCGA,TCGA-VQ-AA6A-01Z-00-DX1.52D958F4-34B3-43F1-9DAC-960E69C958CA,TCGA-VQ-AA6A,3
TCGA,TCGA-VQ-AA6B-01A-01-TS1.CCFC8271-C19E-4DCA-B590-74E386EFA6DC,TCGA-VQ-AA6B,3
TCGA,TCGA-VQ-AA6B-01Z-00-DX1.C6CB7290-4A83-4963-8840-68BC208D1232,TCGA-VQ-AA6B,3
TCGA,TCGA-BR-8077-01A-01-TS1.395a255a-5d81-4854-bd8f-4a16675ecf1b,TCGA-BR-8077,3
TCGA,TCGA-BR-8077-01Z-00-DX1.8c68b0bb-ef3f-41e4-bd01-8a1dbb5ee8c1,TCGA-BR-8077,3
TCGA,TCGA-BR-8364-01A-01-BS1.233f49fa-7ede-4351-9115-373df322f91b,TCGA-BR-8364,3
TCGA,TCGA-BR-8364-01A-01-TS1.b34b4b0c-8569-46a2-a044-308b52605888,TCGA-BR-8364,3
TCGA,TCGA-BR-8364-01Z-00-DX1.245676db-6d78-4ae4-ae36-b4a70781a2f8,TCGA-BR-8364,3
TCGA,TCGA-BR-8683-01Z-00-DX1.586c64f3-3f10-4729-99e2-38c6bd32e50d,TCGA-BR-8683,3
TCGA,TCGA-CD-A4MG-01A-01-TSA.4F5DF9B3-E792-48BF-BCD1-C9BCEC195F6D,TCGA-CD-A4MG,2
TCGA,TCGA-CD-A4MG-01Z-00-DX1.CFC4618E-DFE9-4AAA-AD42-E1CC97374020,TCGA-CD-A4MG,2
TCGA,TCGA-CG-4449-01A-01-BS1.ed9df086-2de4-4860-a0c9-acf39d9567ce,TCGA-CG-4449,3
TCGA,TCGA-CG-4449-01A-01-TS1.3789aa29-21d6-4a49-a786-9668d645d288,TCGA-CG-4449,3
TCGA,TCGA-CG-4449-01Z-00-DX1.87ab158b-0699-4b22-9d51-58abd1033245,TCGA-CG-4449,3
TCGA,TCGA-CG-5721-01A-01-BS1.048c574a-3063-4c88-ae02-575486d0deae,TCGA-CG-5721,2
TCGA,TCGA-CG-5721-01A-01-TS1.e675efb9-939d-4ef7-83af-18595ff1c426,TCGA-CG-5721,2
TCGA,TCGA-CG-5721-01Z-00-DX1.F4E6AF45-0B1D-499E-AE95-6AFC9344F731,TCGA-CG-5721,2
TCGA,TCGA-D7-6527-01A-01-BS1.ed001c63-4ca0-49e4-89b3-e2700797ce47,TCGA-D7-6527,3
TCGA,TCGA-D7-6527-01A-01-TS1.74390fd8-fd7e-4eec-b924-5a896c9d0aa2,TCGA-D7-6527,3
TCGA,TCGA-D7-6527-01Z-00-DX1.3149a5ed-2ed0-4ce7-912b-e67bb1c33e8f,TCGA-D7-6527,3
TCGA,TCGA-D7-6527-01Z-00-DX2.AC6B9D7B-E289-449C-934B-E15BD593CED4,TCGA-D7-6527,3
TCGA,TCGA-D7-8578-01A-01-BS1.d791fc4b-7f80-4355-8d50-4b423389dc21,TCGA-D7-8578,3
TCGA,TCGA-D7-8578-01Z-00-DX1.902BBFC1-2456-4718-9A5E-2FD9AE47AF44,TCGA-D7-8578,3
TCGA,TCGA-D7-8578-01Z-00-DX2.D71657BE-72D0-4EEC-89D3-E83934A0F919,TCGA-D7-8578,3
TCGA,TCGA-D7-A6EV-01A-01-TS1.4E855E86-6CB5-4926-9A75-DFB1893203CC,TCGA-D7-A6EV,3
TCGA,TCGA-D7-A6EV-01Z-00-DX1.98BA866B-19A6-4ECF-B51E-F811F5EFA8CC,TCGA-D7-A6EV,3
TCGA,TCGA-FP-8631-01A-01-TS1.ebabff97-9459-4f6a-a42c-028b34dd22eb,TCGA-FP-8631,3
TCGA,TCGA-FP-8631-01Z-00-DX1.8804336F-7DE6-4401-80B4-AEFA752C11B2,TCGA-FP-8631,3
TCGA,TCGA-HU-8610-01A-01-BS1.5bc3b564-25b6-49ac-b38e-7dd527479c11,TCGA-HU-8610,1
TCGA,TCGA-HU-8610-01Z-00-DX1.4F873939-3950-4201-B5DE-20A04A6C9F0D,TCGA-HU-8610,1
TCGA,TCGA-HU-A4G3-01A-01-TS1.719BA857-BC0A-4218-A909-31F273A6A98A,TCGA-HU-A4G3,1
TCGA,TCGA-HU-A4G3-01Z-00-DX1.5D4EB0C7-8E14-41DC-AFF7-ECD43A89139B,TCGA-HU-A4G3,1
TCGA,TCGA-HU-A4GD-01A-01-TS1.C1BFE9D2-94E9-4588-9A00-7B7798BDF396,TCGA-HU-A4GD,3
TCGA,TCGA-HU-A4GD-01Z-00-DX1.7CF261C2-D7FE-4D42-BC4B-BC86B7A802DB,TCGA-HU-A4GD,3
TCGA,TCGA-HU-A4GF-01A-01-TS1.D2A0DF6F-AED1-4863-9593-F767F85B5B31,TCGA-HU-A4GF,3
TCGA,TCGA-HU-A4GF-01Z-00-DX1.2754343C-7875-42C4-B4E3-D2B8666B1E47,TCGA-HU-A4GF,3
TCGA,TCGA-R5-A7ZF-01Z-00-DX1.F08C5EC7-7292-4FD6-92FF-73192329C2B5,TCGA-R5-A7ZF,3
TCGA,TCGA-VQ-AA6F-01A-03-TS3.0D1CDD18-310B-4FEE-AA41-DA90B7BC0212,TCGA-VQ-AA6F,3
TCGA,TCGA-VQ-AA6F-01Z-00-DX1.EA90F7CF-FE3F-4FED-A8E0-C83FEE96F4CA,TCGA-VQ-AA6F,3
